[
{
  "model": "auth.permission",
  "pk": 1,
  "fields": {
    "name": "Can add log entry",
    "content_type": 1,
    "codename": "add_logentry"
  }
},
{
  "model": "auth.permission",
  "pk": 2,
  "fields": {
    "name": "Can change log entry",
    "content_type": 1,
    "codename": "change_logentry"
  }
},
{
  "model": "auth.permission",
  "pk": 3,
  "fields": {
    "name": "Can delete log entry",
    "content_type": 1,
    "codename": "delete_logentry"
  }
},
{
  "model": "auth.permission",
  "pk": 4,
  "fields": {
    "name": "Can view log entry",
    "content_type": 1,
    "codename": "view_logentry"
  }
},
{
  "model": "auth.permission",
  "pk": 5,
  "fields": {
    "name": "Can add permission",
    "content_type": 2,
    "codename": "add_permission"
  }
},
{
  "model": "auth.permission",
  "pk": 6,
  "fields": {
    "name": "Can change permission",
    "content_type": 2,
    "codename": "change_permission"
  }
},
{
  "model": "auth.permission",
  "pk": 7,
  "fields": {
    "name": "Can delete permission",
    "content_type": 2,
    "codename": "delete_permission"
  }
},
{
  "model": "auth.permission",
  "pk": 8,
  "fields": {
    "name": "Can view permission",
    "content_type": 2,
    "codename": "view_permission"
  }
},
{
  "model": "auth.permission",
  "pk": 9,
  "fields": {
    "name": "Can add group",
    "content_type": 3,
    "codename": "add_group"
  }
},
{
  "model": "auth.permission",
  "pk": 10,
  "fields": {
    "name": "Can change group",
    "content_type": 3,
    "codename": "change_group"
  }
},
{
  "model": "auth.permission",
  "pk": 11,
  "fields": {
    "name": "Can delete group",
    "content_type": 3,
    "codename": "delete_group"
  }
},
{
  "model": "auth.permission",
  "pk": 12,
  "fields": {
    "name": "Can view group",
    "content_type": 3,
    "codename": "view_group"
  }
},
{
  "model": "auth.permission",
  "pk": 13,
  "fields": {
    "name": "Can add user",
    "content_type": 4,
    "codename": "add_user"
  }
},
{
  "model": "auth.permission",
  "pk": 14,
  "fields": {
    "name": "Can change user",
    "content_type": 4,
    "codename": "change_user"
  }
},
{
  "model": "auth.permission",
  "pk": 15,
  "fields": {
    "name": "Can delete user",
    "content_type": 4,
    "codename": "delete_user"
  }
},
{
  "model": "auth.permission",
  "pk": 16,
  "fields": {
    "name": "Can view user",
    "content_type": 4,
    "codename": "view_user"
  }
},
{
  "model": "auth.permission",
  "pk": 17,
  "fields": {
    "name": "Can add content type",
    "content_type": 5,
    "codename": "add_contenttype"
  }
},
{
  "model": "auth.permission",
  "pk": 18,
  "fields": {
    "name": "Can change content type",
    "content_type": 5,
    "codename": "change_contenttype"
  }
},
{
  "model": "auth.permission",
  "pk": 19,
  "fields": {
    "name": "Can delete content type",
    "content_type": 5,
    "codename": "delete_contenttype"
  }
},
{
  "model": "auth.permission",
  "pk": 20,
  "fields": {
    "name": "Can view content type",
    "content_type": 5,
    "codename": "view_contenttype"
  }
},
{
  "model": "auth.permission",
  "pk": 21,
  "fields": {
    "name": "Can add session",
    "content_type": 6,
    "codename": "add_session"
  }
},
{
  "model": "auth.permission",
  "pk": 22,
  "fields": {
    "name": "Can change session",
    "content_type": 6,
    "codename": "change_session"
  }
},
{
  "model": "auth.permission",
  "pk": 23,
  "fields": {
    "name": "Can delete session",
    "content_type": 6,
    "codename": "delete_session"
  }
},
{
  "model": "auth.permission",
  "pk": 24,
  "fields": {
    "name": "Can view session",
    "content_type": 6,
    "codename": "view_session"
  }
},
{
  "model": "auth.permission",
  "pk": 25,
  "fields": {
    "name": "Can add Bank",
    "content_type": 7,
    "codename": "add_bank"
  }
},
{
  "model": "auth.permission",
  "pk": 26,
  "fields": {
    "name": "Can change Bank",
    "content_type": 7,
    "codename": "change_bank"
  }
},
{
  "model": "auth.permission",
  "pk": 27,
  "fields": {
    "name": "Can delete Bank",
    "content_type": 7,
    "codename": "delete_bank"
  }
},
{
  "model": "auth.permission",
  "pk": 28,
  "fields": {
    "name": "Can view Bank",
    "content_type": 7,
    "codename": "view_bank"
  }
},
{
  "model": "auth.permission",
  "pk": 29,
  "fields": {
    "name": "Can add Debit Account",
    "content_type": 8,
    "codename": "add_debitaccount"
  }
},
{
  "model": "auth.permission",
  "pk": 30,
  "fields": {
    "name": "Can change Debit Account",
    "content_type": 8,
    "codename": "change_debitaccount"
  }
},
{
  "model": "auth.permission",
  "pk": 31,
  "fields": {
    "name": "Can delete Debit Account",
    "content_type": 8,
    "codename": "delete_debitaccount"
  }
},
{
  "model": "auth.permission",
  "pk": 32,
  "fields": {
    "name": "Can view Debit Account",
    "content_type": 8,
    "codename": "view_debitaccount"
  }
},
{
  "model": "auth.permission",
  "pk": 33,
  "fields": {
    "name": "Can add EFT Batch",
    "content_type": 9,
    "codename": "add_eftbatch"
  }
},
{
  "model": "auth.permission",
  "pk": 34,
  "fields": {
    "name": "Can change EFT Batch",
    "content_type": 9,
    "codename": "change_eftbatch"
  }
},
{
  "model": "auth.permission",
  "pk": 35,
  "fields": {
    "name": "Can delete EFT Batch",
    "content_type": 9,
    "codename": "delete_eftbatch"
  }
},
{
  "model": "auth.permission",
  "pk": 36,
  "fields": {
    "name": "Can view EFT Batch",
    "content_type": 9,
    "codename": "view_eftbatch"
  }
},
{
  "model": "auth.permission",
  "pk": 37,
  "fields": {
    "name": "Can approve EFT batches",
    "content_type": 9,
    "codename": "can_approve_eft"
  }
},
{
  "model": "auth.permission",
  "pk": 38,
  "fields": {
    "name": "Can export EFT files",
    "content_type": 9,
    "codename": "can_export_eft"
  }
},
{
  "model": "auth.permission",
  "pk": 39,
  "fields": {
    "name": "Can add Zone",
    "content_type": 10,
    "codename": "add_zone"
  }
},
{
  "model": "auth.permission",
  "pk": 40,
  "fields": {
    "name": "Can change Zone",
    "content_type": 10,
    "codename": "change_zone"
  }
},
{
  "model": "auth.permission",
  "pk": 41,
  "fields": {
    "name": "Can delete Zone",
    "content_type": 10,
    "codename": "delete_zone"
  }
},
{
  "model": "auth.permission",
  "pk": 42,
  "fields": {
    "name": "Can view Zone",
    "content_type": 10,
    "codename": "view_zone"
  }
},
{
  "model": "auth.permission",
  "pk": 43,
  "fields": {
    "name": "Can add Supplier",
    "content_type": 11,
    "codename": "add_supplier"
  }
},
{
  "model": "auth.permission",
  "pk": 44,
  "fields": {
    "name": "Can change Supplier",
    "content_type": 11,
    "codename": "change_supplier"
  }
},
{
  "model": "auth.permission",
  "pk": 45,
  "fields": {
    "name": "Can delete Supplier",
    "content_type": 11,
    "codename": "delete_supplier"
  }
},
{
  "model": "auth.permission",
  "pk": 46,
  "fields": {
    "name": "Can view Supplier",
    "content_type": 11,
    "codename": "view_supplier"
  }
},
{
  "model": "auth.permission",
  "pk": 47,
  "fields": {
    "name": "Can add Scheme",
    "content_type": 12,
    "codename": "add_scheme"
  }
},
{
  "model": "auth.permission",
  "pk": 48,
  "fields": {
    "name": "Can change Scheme",
    "content_type": 12,
    "codename": "change_scheme"
  }
},
{
  "model": "auth.permission",
  "pk": 49,
  "fields": {
    "name": "Can delete Scheme",
    "content_type": 12,
    "codename": "delete_scheme"
  }
},
{
  "model": "auth.permission",
  "pk": 50,
  "fields": {
    "name": "Can view Scheme",
    "content_type": 12,
    "codename": "view_scheme"
  }
},
{
  "model": "auth.permission",
  "pk": 51,
  "fields": {
    "name": "Can add Approval Audit Log",
    "content_type": 13,
    "codename": "add_approvalauditlog"
  }
},
{
  "model": "auth.permission",
  "pk": 52,
  "fields": {
    "name": "Can change Approval Audit Log",
    "content_type": 13,
    "codename": "change_approvalauditlog"
  }
},
{
  "model": "auth.permission",
  "pk": 53,
  "fields": {
    "name": "Can delete Approval Audit Log",
    "content_type": 13,
    "codename": "delete_approvalauditlog"
  }
},
{
  "model": "auth.permission",
  "pk": 54,
  "fields": {
    "name": "Can view Approval Audit Log",
    "content_type": 13,
    "codename": "view_approvalauditlog"
  }
},
{
  "model": "auth.permission",
  "pk": 55,
  "fields": {
    "name": "Can add EFT Transaction",
    "content_type": 14,
    "codename": "add_efttransaction"
  }
},
{
  "model": "auth.permission",
  "pk": 56,
  "fields": {
    "name": "Can change EFT Transaction",
    "content_type": 14,
    "codename": "change_efttransaction"
  }
},
{
  "model": "auth.permission",
  "pk": 57,
  "fields": {
    "name": "Can delete EFT Transaction",
    "content_type": 14,
    "codename": "delete_efttransaction"
  }
},
{
  "model": "auth.permission",
  "pk": 58,
  "fields": {
    "name": "Can view EFT Transaction",
    "content_type": 14,
    "codename": "view_efttransaction"
  }
},
{
  "model": "auth.group",
  "pk": 1,
  "fields": {
    "name": "System Admin",
    "permissions": [
      25,
      26,
      27,
      28,
      29,
      30,
      31,
      32,
      47,
      48,
      49,
      50,
      43,
      44,
      45,
      46,
      39,
      40,
      41,
      42
    ]
  }
},
{
  "model": "auth.group",
  "pk": 2,
  "fields": {
    "name": "Accounts Personnel",
    "permissions": [
      28,
      32,
      33,
      38,
      34,
      36,
      55,
      56,
      57,
      58,
      50,
      46,
      42
    ]
  }
},
{
  "model": "auth.group",
  "pk": 3,
  "fields": {
    "name": "Authorizer",
    "permissions": [
      28,
      32,
      37,
      38,
      36,
      58,
      50,
      46,
      42
    ]
  }
},
{
  "model": "auth.user",
  "pk": 1,
  "fields": {
    "password": "pbkdf2_sha256$600000$0RKrETZ3Su2l9Q5U7v7jqk$EfNnI9rBmcItvOytgWlXtnbE//pJr4D+zjNgOrlO12w=",
    "last_login": null,
    "is_superuser": true,
    "username": "crwb.admin",
    "first_name": "",
    "last_name": "",
    "email": "admin@crwb.mw",
    "is_staff": true,
    "is_active": true,
    "date_joined": "2026-01-18T12:23:26.826Z",
    "groups": [],
    "user_permissions": []
  }
},
{
  "model": "auth.user",
  "pk": 2,
  "fields": {
    "password": "pbkdf2_sha256$600000$uxdTMYsrdjTQevncYKDd5W$NBdY2QGUXbhnXImP4WG1jCIzFppGJuhbe9ObXjnMJZE=",
    "last_login": "2026-02-03T12:33:53.874Z",
    "is_superuser": true,
    "username": "admin",
    "first_name": "",
    "last_name": "",
    "email": "admin@crwb.com",
    "is_staff": true,
    "is_active": true,
    "date_joined": "2026-01-18T12:54:46.134Z",
    "groups": [],
    "user_permissions": []
  }
},
{
  "model": "auth.user",
  "pk": 3,
  "fields": {
    "password": "pbkdf2_sha256$600000$XnxVfFNUcGIO5rhYXIxK1J$e2y3q7WZnWExXPdCelT0LyTWQgEJU+Cg1nC1gQUOuSs=",
    "last_login": "2026-02-03T07:47:50.744Z",
    "is_superuser": false,
    "username": "sysadmin",
    "first_name": "System",
    "last_name": "Admin",
    "email": "sysadmin@crwb.com",
    "is_staff": false,
    "is_active": true,
    "date_joined": "2026-01-18T13:01:48.906Z",
    "groups": [
      1
    ],
    "user_permissions": []
  }
},
{
  "model": "auth.user",
  "pk": 4,
  "fields": {
    "password": "pbkdf2_sha256$600000$rRuqt0UytIfEdtnpOUpgXi$rds32cawv3siiEmRqd8Pj1U737Y3r42qMCwxYiYD0KI=",
    "last_login": "2026-02-03T10:49:45.667Z",
    "is_superuser": false,
    "username": "accounts",
    "first_name": "Accounts",
    "last_name": "User",
    "email": "accounts@crwb.com",
    "is_staff": false,
    "is_active": true,
    "date_joined": "2026-01-18T13:01:50.040Z",
    "groups": [
      2
    ],
    "user_permissions": []
  }
},
{
  "model": "auth.user",
  "pk": 5,
  "fields": {
    "password": "pbkdf2_sha256$600000$l8awJGJM14Bk7ROVjbv83Z$rbsZXADkzkwHD8rP71Wia9YRIrHkQg3yiPV9YI/2NYE=",
    "last_login": "2026-01-29T13:58:16.222Z",
    "is_superuser": false,
    "username": "authorizer",
    "first_name": "Auth",
    "last_name": "User",
    "email": "authorizer@crwb.com",
    "is_staff": false,
    "is_active": true,
    "date_joined": "2026-01-18T13:01:51.416Z",
    "groups": [
      3
    ],
    "user_permissions": []
  }
},
{
  "model": "auth.user",
  "pk": 7,
  "fields": {
    "password": "pbkdf2_sha256$600000$2mpJ8DO3vkcLzmLXCcAe8a$TkTBoA8U+r4Talj+r4MAsnf9jXbMHWgmNYfGzh29G1U=",
    "last_login": "2026-01-29T08:18:14.745Z",
    "is_superuser": false,
    "username": "petros",
    "first_name": "PETROS",
    "last_name": "LIGHT",
    "email": "lightpetros5@gmail.com",
    "is_staff": true,
    "is_active": true,
    "date_joined": "2026-01-27T12:39:56Z",
    "groups": [
      2
    ],
    "user_permissions": [
      1,
      2,
      3,
      4,
      9,
      10,
      11,
      12,
      5,
      6,
      7,
      8,
      13,
      14,
      15,
      16,
      17,
      18,
      19,
      20,
      51,
      52,
      53,
      54,
      25,
      26,
      27,
      28,
      29,
      30,
      31,
      32,
      33,
      37,
      38,
      34,
      35,
      36,
      55,
      56,
      57,
      58,
      47,
      48,
      49,
      50,
      43,
      44,
      45,
      46,
      39,
      40,
      41,
      42,
      21,
      22,
      23,
      24
    ]
  }
},
{
  "model": "contenttypes.contenttype",
  "pk": 1,
  "fields": {
    "app_label": "admin",
    "model": "logentry"
  }
},
{
  "model": "contenttypes.contenttype",
  "pk": 2,
  "fields": {
    "app_label": "auth",
    "model": "permission"
  }
},
{
  "model": "contenttypes.contenttype",
  "pk": 3,
  "fields": {
    "app_label": "auth",
    "model": "group"
  }
},
{
  "model": "contenttypes.contenttype",
  "pk": 4,
  "fields": {
    "app_label": "auth",
    "model": "user"
  }
},
{
  "model": "contenttypes.contenttype",
  "pk": 5,
  "fields": {
    "app_label": "contenttypes",
    "model": "contenttype"
  }
},
{
  "model": "contenttypes.contenttype",
  "pk": 6,
  "fields": {
    "app_label": "sessions",
    "model": "session"
  }
},
{
  "model": "contenttypes.contenttype",
  "pk": 7,
  "fields": {
    "app_label": "eft_app",
    "model": "bank"
  }
},
{
  "model": "contenttypes.contenttype",
  "pk": 8,
  "fields": {
    "app_label": "eft_app",
    "model": "debitaccount"
  }
},
{
  "model": "contenttypes.contenttype",
  "pk": 9,
  "fields": {
    "app_label": "eft_app",
    "model": "eftbatch"
  }
},
{
  "model": "contenttypes.contenttype",
  "pk": 10,
  "fields": {
    "app_label": "eft_app",
    "model": "zone"
  }
},
{
  "model": "contenttypes.contenttype",
  "pk": 11,
  "fields": {
    "app_label": "eft_app",
    "model": "supplier"
  }
},
{
  "model": "contenttypes.contenttype",
  "pk": 12,
  "fields": {
    "app_label": "eft_app",
    "model": "scheme"
  }
},
{
  "model": "contenttypes.contenttype",
  "pk": 13,
  "fields": {
    "app_label": "eft_app",
    "model": "approvalauditlog"
  }
},
{
  "model": "contenttypes.contenttype",
  "pk": 14,
  "fields": {
    "app_label": "eft_app",
    "model": "efttransaction"
  }
},
{
  "model": "sessions.session",
  "pk": "237eqk1ju54cuixwn99zsts3kgcqulto",
  "fields": {
    "session_data": ".eJxVjDsOwjAQBe_iGlm2E9YbSnrOYO3H4ABypDipEHeHSCmgfTPzXibRupS0tjynUc3JBHP43ZjkkesG9E71NlmZ6jKPbDfF7rTZy6T5ed7dv4NCrXzrIRNxVBQE6RkiIjGGSASZwQ-CqAwhenTspe8Ujs5hB4yE7kqSzfsD-kQ4PQ:1vnB8G:lKkGbAP1I1xC7GcJwbrEIcqMHFvFHZ7wxO5fHeAG3h0",
    "expire_date": "2026-02-03T08:47:32.215Z"
  }
},
{
  "model": "sessions.session",
  "pk": "4v5xzg5bsipunu8yojqhrwfv5kcqo71a",
  "fields": {
    "session_data": ".eJxVjDEOwjAMRe-SGUWhwWlgZO8ZIju2SQE1UtNOiLtDpQ6w_vfef5mE61LS2mROI5uLAXP43QjzQ6YN8B2nW7W5Tss8kt0Uu9Nmh8ryvO7u30HBVr51F4BRgAiiBmWSTHDMsVMlFtAYMPfeqZ4IOfroHGXUnoh9cGdgNe8PMOQ55w:1vlOze:s6jwhqn06txyOgbAyLG5i6ubYelnnsS4A5BSVLX16zY",
    "expire_date": "2026-01-29T11:11:18.971Z"
  }
},
{
  "model": "sessions.session",
  "pk": "73rdjo436wt6n5u11ngbfdv7uzbsgziw",
  "fields": {
    "session_data": ".eJxVjMsOwiAQRf-FtSEwPNq6dO83kIEZpGogKe3K-O_apAvd3nPOfYmA21rC1nkJM4mzsOL0u0VMD647oDvWW5Op1XWZo9wVedAur434eTncv4OCvXxrDYk4e0-Ao3EeMmeNEzmryedsjEODwFYNabIZxgGi0skoS6y8tqTE-wPxmDfA:1vhTwz:krhLyhHF9MAxJu0CKZKtwky183OvDWTsypM0g-1yiWU",
    "expire_date": "2026-01-18T15:40:21.693Z"
  }
},
{
  "model": "sessions.session",
  "pk": "7zkm2yeymmm1eubqquxuquiemow9ort7",
  "fields": {
    "session_data": ".eJxVjDEOwjAMRe-SGUWhwWlgZO8ZIju2SQE1UtNOiLtDpQ6w_vfef5mE61LS2mROI5uLAXP43QjzQ6YN8B2nW7W5Tss8kt0Uu9Nmh8ryvO7u30HBVr51F4BRgAiiBmWSTHDMsVMlFtAYMPfeqZ4IOfroHGXUnoh9cGdgNe8PMOQ55w:1vlLkz:k2-I9akfrGeizgbF1iGm750s7_L_FyOPBE5CRNjS6LM",
    "expire_date": "2026-01-29T07:43:57.194Z"
  }
},
{
  "model": "sessions.session",
  "pk": "86d774o3av2fio225ulqn18r2e28kroh",
  "fields": {
    "session_data": ".eJxVjMsOwiAQRf-FtSEwPNq6dO83kIEZpGogKe3K-O_apAvd3nPOfYmA21rC1nkJM4mzsOL0u0VMD647oDvWW5Op1XWZo9wVedAur434eTncv4OCvXxrDYk4e0-Ao3EeMmeNEzmryedsjEODwFYNabIZxgGi0skoS6y8tqTE-wPxmDfA:1vnBAT:uH00nVUlsBM-vKHar8NQ3zVjpOHP40-k6J6-6VKT8tQ",
    "expire_date": "2026-02-03T08:49:49.460Z"
  }
},
{
  "model": "sessions.session",
  "pk": "8mxfwthl4g64wp9gkytrdiaas94uoife",
  "fields": {
    "session_data": ".eJxVjMsOwiAQRf-FtSEMTHm4dO83EIaHVA0kpV0Z_12bdKHbe865L-bDtla_jbz4ObEzU-z0u1GIj9x2kO6h3TqPva3LTHxX-EEHv_aUn5fD_TuoYdRvPUFRSCByIQRyxVoTwJA0ZLGQiBGyBswBnbARHSotwSUpidykCRJ7fwDgfDeb:1vhnar:rv4byQf9KAMTghG6Wk9Et7NeSbG7hgmP0ya6uU1s4FQ",
    "expire_date": "2026-01-19T12:38:49.865Z"
  }
},
{
  "model": "sessions.session",
  "pk": "c5hrsdsdxs4dc1d9ytrt47wkgbjs8tr8",
  "fields": {
    "session_data": ".eJxVjDsOwjAQBe_iGlm2E9YbSnrOYO3H4ABypDipEHeHSCmgfTPzXibRupS0tjynUc3JBHP43ZjkkesG9E71NlmZ6jKPbDfF7rTZy6T5ed7dv4NCrXzrIRNxVBQE6RkiIjGGSASZwQ-CqAwhenTspe8Ujs5hB4yE7kqSzfsD-kQ4PQ:1vnBBA:MD6dGMEadocYR2X_Q7I0JMbX8AfFPPtHU15iOnUhkUs",
    "expire_date": "2026-02-03T08:50:32.532Z"
  }
},
{
  "model": "sessions.session",
  "pk": "eql793zmfee9p0nx6hjfqh3hgrlkqi71",
  "fields": {
    "session_data": ".eJxVjDEOwjAMRe-SGUWhwWlgZO8ZIju2SQE1UtNOiLtDpQ6w_vfef5mE61LS2mROI5uLAXP43QjzQ6YN8B2nW7W5Tss8kt0Uu9Nmh8ryvO7u30HBVr51F4BRgAiiBmWSTHDMsVMlFtAYMPfeqZ4IOfroHGXUnoh9cGdgNe8PMOQ55w:1vhl50:F-9A7MbPJZAf8gplsgueDoZF_kxpCid5W34_vKWfdcE",
    "expire_date": "2026-01-19T09:57:46.400Z"
  }
},
{
  "model": "sessions.session",
  "pk": "f1wh1cdejqiqn5jlht6edfykbkgn71fy",
  "fields": {
    "session_data": ".eJxVjMsOwiAQRf-FtSEwPNq6dO83kIEZpGogKe3K-O_apAvd3nPOfYmA21rC1nkJM4mzsOL0u0VMD647oDvWW5Op1XWZo9wVedAur434eTncv4OCvXxrDYk4e0-Ao3EeMmeNEzmryedsjEODwFYNabIZxgGi0skoS6y8tqTE-wPxmDfA:1vnEGl:RZHRtWDmrmw0OF2E8XST_g_ItizkFoPNBlYMKiRpdNM",
    "expire_date": "2026-02-03T12:08:31.615Z"
  }
},
{
  "model": "sessions.session",
  "pk": "g4zj2b34st4q02zxms0tytf0xgq26d6z",
  "fields": {
    "session_data": ".eJxVjMsOwiAQRf-FtSEwPNq6dO83kIEZpGogKe3K-O_apAvd3nPOfYmA21rC1nkJM4mzsOL0u0VMD647oDvWW5Op1XWZo9wVedAur434eTncv4OCvXxrDYk4e0-Ao3EeMmeNEzmryedsjEODwFYNabIZxgGi0skoS6y8tqTE-wPxmDfA:1vliN5:Eg74NehbMlVC3wYAXWm07IX3mU-RcA_0AksLZWOGmRw",
    "expire_date": "2026-01-30T07:52:47.164Z"
  }
},
{
  "model": "sessions.session",
  "pk": "g5q7apwjn9c2azp9gyvtlm51k4h9wptf",
  "fields": {
    "session_data": ".eJxVjDEOwjAMRe-SGUWhwWlgZO8ZIju2SQE1UtNOiLtDpQ6w_vfef5mE61LS2mROI5uLAXP43QjzQ6YN8B2nW7W5Tss8kt0Uu9Nmh8ryvO7u30HBVr51F4BRgAiiBmWSTHDMsVMlFtAYMPfeqZ4IOfroHGXUnoh9cGdgNe8PMOQ55w:1vkfPd:Ys57w3bs75rEepsu39rgvfcEZ1o7oyHSjQZg2OtsLvc",
    "expire_date": "2026-01-27T10:31:05.456Z"
  }
},
{
  "model": "sessions.session",
  "pk": "i95irgr2skn6p8sqenhsidw8cj2t1yoq",
  "fields": {
    "session_data": ".eJxVjMsOwiAQRf-FtSEwPNq6dO83kIEZpGogKe3K-O_apAvd3nPOfYmA21rC1nkJM4mzsOL0u0VMD647oDvWW5Op1XWZo9wVedAur434eTncv4OCvXxrDYk4e0-Ao3EeMmeNEzmryedsjEODwFYNabIZxgGi0skoS6y8tqTE-wPxmDfA:1vhWsT:veh8yvXtrQ4tXTh4iA7BQbAJ1r3OgdSxMpPJBB3xdSI",
    "expire_date": "2026-01-18T18:47:53.056Z"
  }
},
{
  "model": "sessions.session",
  "pk": "m6j4v4spjnhks5jzxh5oq14x5egby5gl",
  "fields": {
    "session_data": ".eJxVjMsOwiAQRf-FtSEwPNq6dO83kIEZpGogKe3K-O_apAvd3nPOfYmA21rC1nkJM4mzsOL0u0VMD647oDvWW5Op1XWZo9wVedAur434eTncv4OCvXxrDYk4e0-Ao3EeMmeNEzmryedsjEODwFYNabIZxgGi0skoS6y8tqTE-wPxmDfA:1vlRNK:5O8pQDIKX9L4mcKk-4lMoppUDTNfAF5vFGYFw3KLuFc",
    "expire_date": "2026-01-29T13:43:54.544Z"
  }
},
{
  "model": "sessions.session",
  "pk": "marhw74ys032brz7rwc7ozda49h16b6l",
  "fields": {
    "session_data": ".eJxVjMsOwiAQRf-FtSEwPNq6dO83kIEZpGogKe3K-O_apAvd3nPOfYmA21rC1nkJM4mzsOL0u0VMD647oDvWW5Op1XWZo9wVedAur434eTncv4OCvXxrDYk4e0-Ao3EeMmeNEzmryedsjEODwFYNabIZxgGi0skoS6y8tqTE-wPxmDfA:1vlOyi:4erep6Ksdhd7GWHWMOx56Y6cSNaSCHebQc4uz3fm3NE",
    "expire_date": "2026-01-29T11:10:20.261Z"
  }
},
{
  "model": "sessions.session",
  "pk": "mcjcinep73aycpenbau4ly2ldmx3ztqm",
  "fields": {
    "session_data": ".eJxVjDsOwjAQBe_iGlm2E9YbSnrOYO3H4ABypDipEHeHSCmgfTPzXibRupS0tjynUc3JBHP43ZjkkesG9E71NlmZ6jKPbDfF7rTZy6T5ed7dv4NCrXzrIRNxVBQE6RkiIjGGSASZwQ-CqAwhenTspe8Ujs5hB4yE7kqSzfsD-kQ4PQ:1vnFcA:vMHOBVY8NtQzePc9Ob4830G8rZN3IlSGWkaS0Ei_Z0M",
    "expire_date": "2026-02-03T13:34:42.055Z"
  }
},
{
  "model": "sessions.session",
  "pk": "nxkjgnfhx77f0fihc4htmk7spg030bva",
  "fields": {
    "session_data": ".eJxVjMsOwiAQRf-FtSEMTHm4dO83EIaHVA0kpV0Z_12bdKHbe865L-bDtla_jbz4ObEzU-z0u1GIj9x2kO6h3TqPva3LTHxX-EEHv_aUn5fD_TuoYdRvPUFRSCByIQRyxVoTwJA0ZLGQiBGyBswBnbARHSotwSUpidykCRJ7fwDgfDeb:1vlSz5:WWt-WsWQk279DMoU3fyInKroQNqypeQo7g7VP44iMeQ",
    "expire_date": "2026-01-29T15:26:59.144Z"
  }
},
{
  "model": "sessions.session",
  "pk": "ttp5di1kv2kq23hbqahbyl55fg69mch0",
  "fields": {
    "session_data": ".eJxVjDsOwjAQBe_iGlm2E9YbSnrOYO3H4ABypDipEHeHSCmgfTPzXibRupS0tjynUc3JBHP43ZjkkesG9E71NlmZ6jKPbDfF7rTZy6T5ed7dv4NCrXzrIRNxVBQE6RkiIjGGSASZwQ-CqAwhenTspe8Ujs5hB4yE7kqSzfsD-kQ4PQ:1vjAyO:IxfP5kgDkutsmnZS_nzQqy-gMUf6GMLf2YvdMXQwJBQ",
    "expire_date": "2026-01-23T07:48:48.383Z"
  }
},
{
  "model": "sessions.session",
  "pk": "wix285oeagnrzp7yewge0yld7dzxbfz4",
  "fields": {
    "session_data": ".eJxVjEsOwjAMBe-SNYrcJnVcluw5Q-XYLi2gRupnhbg7VOoCtm9m3st1vK1Dty02d6O6s0vu9LtllodNO9A7T7fipUzrPGa_K_6gi78WteflcP8OBl6Gbw1GABoZ-gakl2BVG2KKiBVjqxzrnLFpIIPVAqEXItSUsCJJYkS1e38A2Dg3cw:1vlNEF:6VHxbn6_C-tIA9Xqqkkn66G7GJOtNvXSq3vByvJdqms",
    "expire_date": "2026-01-29T09:18:15.548Z"
  }
},
{
  "model": "sessions.session",
  "pk": "wn5c83nxwkd2lvlh00vplsphg7qujebs",
  "fields": {
    "session_data": ".eJxVjDsOwjAQBe_iGlm2E9YbSnrOYO3H4ABypDipEHeHSCmgfTPzXibRupS0tjynUc3JBHP43ZjkkesG9E71NlmZ6jKPbDfF7rTZy6T5ed7dv4NCrXzrIRNxVBQE6RkiIjGGSASZwQ-CqAwhenTspe8Ujs5hB4yE7kqSzfsD-kQ4PQ:1vnEIY:HasphwBUKkM5cxBrSpd3xc9WE2wBh-fy-c1GhYh-D14",
    "expire_date": "2026-02-03T12:10:22.221Z"
  }
},
{
  "model": "sessions.session",
  "pk": "yu0pp2of11ik251vaggz1v8a58lip5y7",
  "fields": {
    "session_data": ".eJxVjDsOwjAQBe_iGlm2E9YbSnrOYO3H4ABypDipEHeHSCmgfTPzXibRupS0tjynUc3JBHP43ZjkkesG9E71NlmZ6jKPbDfF7rTZy6T5ed7dv4NCrXzrIRNxVBQE6RkiIjGGSASZwQ-CqAwhenTspe8Ujs5hB4yE7kqSzfsD-kQ4PQ:1vkjFx:PoZ6B1eL_2rIp7VF1YDtsHJbwTwCB6vvYawpE82wC5A",
    "expire_date": "2026-01-27T14:37:21.814Z"
  }
},
{
  "model": "sessions.session",
  "pk": "yyvly7yei7cwk02fp9arwqk07tqj48ee",
  "fields": {
    "session_data": ".eJxVjMsOwiAQRf-FtSEwPNq6dO83kIEZpGogKe3K-O_apAvd3nPOfYmA21rC1nkJM4mzsOL0u0VMD647oDvWW5Op1XWZo9wVedAur434eTncv4OCvXxrDYk4e0-Ao3EeMmeNEzmryedsjEODwFYNabIZxgGi0skoS6y8tqTE-wPxmDfA:1vhbTf:PmZQYVSYIM1wx-ePR449OgiNYfkhzbUPjYSBjknd-C0",
    "expire_date": "2026-01-18T23:42:35.832Z"
  }
},
{
  "model": "sessions.session",
  "pk": "zus3gbix4c75jh9rw1l4obhrrw9suitd",
  "fields": {
    "session_data": ".eJxVjMsOwiAQRf-FtSEwPNq6dO83kIEZpGogKe3K-O_apAvd3nPOfYmA21rC1nkJM4mzsOL0u0VMD647oDvWW5Op1XWZo9wVedAur434eTncv4OCvXxrDYk4e0-Ao3EeMmeNEzmryedsjEODwFYNabIZxgGi0skoS6y8tqTE-wPxmDfA:1vlMk9:cuWZ74Yr-HpQcA-1rrE6QujxOPT4T3jYTSAqAFq26Tc",
    "expire_date": "2026-01-29T08:47:09.942Z"
  }
},
{
  "model": "eft_app.bank",
  "pk": 1,
  "fields": {
    "bank_name": "National Bank of Malawi",
    "swift_code": "NBMAMWM0",
    "is_active": true,
    "created_by": 1,
    "created_at": "2026-01-19T08:25:01.841Z"
  }
},
{
  "model": "eft_app.bank",
  "pk": 2,
  "fields": {
    "bank_name": "Standard Bank",
    "swift_code": "SBICMWM0",
    "is_active": true,
    "created_by": 1,
    "created_at": "2026-01-19T08:25:02.038Z"
  }
},
{
  "model": "eft_app.bank",
  "pk": 3,
  "fields": {
    "bank_name": "Reserve Bank of Malawi",
    "swift_code": "RBMAMWM0",
    "is_active": true,
    "created_by": 1,
    "created_at": "2026-01-19T08:25:02.221Z"
  }
},
{
  "model": "eft_app.bank",
  "pk": 4,
  "fields": {
    "bank_name": "FDH Bank",
    "swift_code": "FDHBMWM0",
    "is_active": true,
    "created_by": 1,
    "created_at": "2026-01-19T08:25:02.421Z"
  }
},
{
  "model": "eft_app.bank",
  "pk": 5,
  "fields": {
    "bank_name": "NBS Bank",
    "swift_code": "NBSBMWM0",
    "is_active": true,
    "created_by": 1,
    "created_at": "2026-01-19T08:25:02.680Z"
  }
},
{
  "model": "eft_app.bank",
  "pk": 6,
  "fields": {
    "bank_name": "wonder",
    "swift_code": "WNTMWM12344",
    "is_active": false,
    "created_by": 3,
    "created_at": "2026-01-27T12:02:07.455Z"
  }
},
{
  "model": "eft_app.zone",
  "pk": 1,
  "fields": {
    "zone_code": "HQ_ADMIN",
    "zone_name": "Headquarters (Lilongwe)",
    "description": "",
    "is_active": true,
    "created_at": "2026-01-19T08:25:00.184Z"
  }
},
{
  "model": "eft_app.zone",
  "pk": 2,
  "fields": {
    "zone_code": "KS_ZONE",
    "zone_name": "Kasungu Zone",
    "description": "",
    "is_active": true,
    "created_at": "2026-01-19T08:25:00.347Z"
  }
},
{
  "model": "eft_app.zone",
  "pk": 3,
  "fields": {
    "zone_code": "MP_ZONE",
    "zone_name": "Mponela Zone",
    "description": "",
    "is_active": true,
    "created_at": "2026-01-19T08:25:00.504Z"
  }
},
{
  "model": "eft_app.zone",
  "pk": 4,
  "fields": {
    "zone_code": "SL_ZONE",
    "zone_name": "Salima Zone",
    "description": "",
    "is_active": true,
    "created_at": "2026-01-19T08:25:00.657Z"
  }
},
{
  "model": "eft_app.zone",
  "pk": 5,
  "fields": {
    "zone_code": "DZ_ZONE",
    "zone_name": "Dedza Zone",
    "description": "",
    "is_active": true,
    "created_at": "2026-01-19T08:25:00.805Z"
  }
},
{
  "model": "eft_app.scheme",
  "pk": 1,
  "fields": {
    "scheme_code": "03000101",
    "scheme_name": "HQ Administration",
    "zone": 1,
    "default_cost_center": "03000101",
    "is_active": true,
    "created_at": "2026-01-19T08:25:00.947Z"
  }
},
{
  "model": "eft_app.scheme",
  "pk": 2,
  "fields": {
    "scheme_code": "10019525",
    "scheme_name": "Mponela Main Scheme",
    "zone": 3,
    "default_cost_center": "",
    "is_active": true,
    "created_at": "2026-01-19T08:25:01.114Z"
  }
},
{
  "model": "eft_app.scheme",
  "pk": 3,
  "fields": {
    "scheme_code": "10019524",
    "scheme_name": "Salima Town Scheme",
    "zone": 4,
    "default_cost_center": "",
    "is_active": true,
    "created_at": "2026-01-19T08:25:01.305Z"
  }
},
{
  "model": "eft_app.scheme",
  "pk": 4,
  "fields": {
    "scheme_code": "10019523",
    "scheme_name": "Dedza Boma Scheme",
    "zone": 5,
    "default_cost_center": "",
    "is_active": true,
    "created_at": "2026-01-19T08:25:01.456Z"
  }
},
{
  "model": "eft_app.scheme",
  "pk": 5,
  "fields": {
    "scheme_code": "10019530",
    "scheme_name": "Kasungu Boma Scheme",
    "zone": 2,
    "default_cost_center": "",
    "is_active": true,
    "created_at": "2026-01-19T08:25:01.700Z"
  }
},
{
  "model": "eft_app.supplier",
  "pk": 1,
  "fields": {
    "supplier_code": "57819",
    "supplier_name": "Bella Enterprise Pvt Ltd",
    "bank": 1,
    "account_number": "2004004560001",
    "account_name": "Bella Enterprise Main",
    "employee_number": "",
    "national_id": "",
    "credit_reference": "",
    "cost_center": "",
    "source": "",
    "is_active": true,
    "created_by": 1,
    "created_at": "2026-01-19T08:32:11.427Z"
  }
},
{
  "model": "eft_app.supplier",
  "pk": 2,
  "fields": {
    "supplier_code": "3",
    "supplier_name": "Anderson",
    "bank": 2,
    "account_number": "91000004",
    "account_name": "Anderson Trading",
    "employee_number": "",
    "national_id": "",
    "credit_reference": "",
    "cost_center": "",
    "source": "",
    "is_active": true,
    "created_by": 1,
    "created_at": "2026-01-19T08:32:11.585Z"
  }
},
{
  "model": "eft_app.supplier",
  "pk": 3,
  "fields": {
    "supplier_code": "408",
    "supplier_name": "CCSECUR",
    "bank": 2,
    "account_number": "12345612",
    "account_name": "City Center Security",
    "employee_number": "",
    "national_id": "",
    "credit_reference": "",
    "cost_center": "",
    "source": "",
    "is_active": true,
    "created_by": 1,
    "created_at": "2026-01-19T08:32:11.743Z"
  }
},
{
  "model": "eft_app.supplier",
  "pk": 4,
  "fields": {
    "supplier_code": "391",
    "supplier_name": "JIBSSEC",
    "bank": 2,
    "account_number": "12345678",
    "account_name": "Jibs Security Services",
    "employee_number": "",
    "national_id": "",
    "credit_reference": "",
    "cost_center": "",
    "source": "",
    "is_active": true,
    "created_by": 1,
    "created_at": "2026-01-19T08:32:11.885Z"
  }
},
{
  "model": "eft_app.supplier",
  "pk": 5,
  "fields": {
    "supplier_code": "392",
    "supplier_name": "EASYACC",
    "bank": 2,
    "account_number": "12345698",
    "account_name": "Easy Access Solutions",
    "employee_number": "",
    "national_id": "",
    "credit_reference": "",
    "cost_center": "",
    "source": "",
    "is_active": true,
    "created_by": 1,
    "created_at": "2026-01-19T08:32:12.118Z"
  }
},
{
  "model": "eft_app.debitaccount",
  "pk": 1,
  "fields": {
    "account_number": "13006161244",
    "account_name": "(ORT) MG Other Recurrent Expenditure A/C",
    "description": "CRWB (ORT) MG Other Recurrent Expenditure A/C",
    "is_active": true,
    "created_at": "2026-01-19T08:25:02.864Z"
  }
},
{
  "model": "eft_app.debitaccount",
  "pk": 2,
  "fields": {
    "account_number": "13006161245",
    "account_name": "(ORT) MG Capital Expenditure A/C",
    "description": "CRWB (ORT) MG Capital Expenditure A/C",
    "is_active": true,
    "created_at": "2026-01-19T08:25:02.997Z"
  }
},
{
  "model": "eft_app.debitaccount",
  "pk": 3,
  "fields": {
    "account_number": "13006161246",
    "account_name": "(ORT) MG Salaries A/C",
    "description": "CRWB (ORT) MG Salaries A/C",
    "is_active": true,
    "created_at": "2026-01-19T08:25:03.155Z"
  }
},
{
  "model": "eft_app.debitaccount",
  "pk": 4,
  "fields": {
    "account_number": "13006161247",
    "account_name": "(ORT) MG Project Funds A/C",
    "description": "CRWB (ORT) MG Project Funds A/C",
    "is_active": true,
    "created_at": "2026-01-19T08:25:03.347Z"
  }
},
{
  "model": "eft_app.debitaccount",
  "pk": 5,
  "fields": {
    "account_number": "34456699805",
    "account_name": "TEST",
    "description": "",
    "is_active": true,
    "created_at": "2026-01-23T06:48:47.950Z"
  }
},
{
  "model": "eft_app.eftbatch",
  "pk": 3,
  "fields": {
    "batch_name": "sample",
    "batch_reference": "CRWB-20260119-074100",
    "currency": "MWK",
    "total_amount": "100000.00",
    "record_count": 1,
    "status": "APPROVED",
    "file_reference": "CRWB-19.01.2026",
    "debit_account": null,
    "created_by": 4,
    "created_at": "2026-01-19T07:41:00.316Z",
    "updated_at": "2026-01-29T11:38:40.089Z",
    "approved_by": 5,
    "approved_at": "2026-01-19T08:50:31.250Z",
    "rejection_reason": "",
    "generated_file": "0;sample;MWK;100000.00;0001\r\n1;0001;MWK;13006161244;SL_ZONE;100000.00;Bella Enterprise Pvt Ltd;10019524;;;;NBMAMWM0;2004004560001;;;12345;sample\r\n",
    "generated_at": "2026-02-03T11:00:06.989Z"
  }
},
{
  "model": "eft_app.eftbatch",
  "pk": 4,
  "fields": {
    "batch_name": "sample 2",
    "batch_reference": "CRWB-20260119-085417",
    "currency": "MWK",
    "total_amount": "6000000.00",
    "record_count": 2,
    "status": "APPROVED",
    "file_reference": "CRWB-19.01.2026",
    "debit_account": null,
    "created_by": 4,
    "created_at": "2026-01-19T08:54:17.522Z",
    "updated_at": "2026-01-29T11:38:40.089Z",
    "approved_by": 5,
    "approved_at": "2026-01-19T08:57:29.029Z",
    "rejection_reason": "",
    "generated_file": "0;sample 2;MWK;6000000.00;0002\r\n1;0001;MWK;13006161245;MP_ZONE;2000000.00;EASYACC;10019525;;;;SBICMWM0;12345698;;;12;salary\r\n1;0002;MWK;13006161246;SL_ZONE;4000000.00;CCSECUR;10019524;;;;SBICMWM0;12345612;;;4;transport\r\n",
    "generated_at": "2026-01-29T13:58:33.027Z"
  }
},
{
  "model": "eft_app.eftbatch",
  "pk": 6,
  "fields": {
    "batch_name": "TEST 2",
    "batch_reference": "CRWB-20260123-062112",
    "currency": "MWK",
    "total_amount": "60000.00",
    "record_count": 1,
    "status": "REJECTED",
    "file_reference": "CRWB-23.01.2026",
    "debit_account": null,
    "created_by": 4,
    "created_at": "2026-01-23T06:21:12.749Z",
    "updated_at": "2026-01-29T11:38:40.089Z",
    "approved_by": null,
    "approved_at": null,
    "rejection_reason": "NOT OKY",
    "generated_file": "",
    "generated_at": null
  }
},
{
  "model": "eft_app.eftbatch",
  "pk": 7,
  "fields": {
    "batch_name": "sample 2",
    "batch_reference": "CRWB-20260123-080812",
    "currency": "MWK",
    "total_amount": "10001000.00",
    "record_count": 2,
    "status": "REJECTED",
    "file_reference": "CRWB-23.01.2026",
    "debit_account": null,
    "created_by": 4,
    "created_at": "2026-01-23T08:08:12.771Z",
    "updated_at": "2026-01-29T11:38:40.089Z",
    "approved_by": null,
    "approved_at": null,
    "rejection_reason": "Testing a Reject",
    "generated_file": "",
    "generated_at": null
  }
},
{
  "model": "eft_app.eftbatch",
  "pk": 8,
  "fields": {
    "batch_name": "March Supplies",
    "batch_reference": "CRWB-20260127-123417",
    "currency": "MWK",
    "total_amount": "1000.00",
    "record_count": 1,
    "status": "APPROVED",
    "file_reference": "CRWB-27.01.2026",
    "debit_account": null,
    "created_by": 4,
    "created_at": "2026-01-27T12:34:17.812Z",
    "updated_at": "2026-01-29T11:38:40.089Z",
    "approved_by": 5,
    "approved_at": "2026-01-27T12:36:14.416Z",
    "rejection_reason": "",
    "generated_file": "",
    "generated_at": null
  }
},
{
  "model": "eft_app.eftbatch",
  "pk": 9,
  "fields": {
    "batch_name": "printing",
    "batch_reference": "CRWB-20260127-124507",
    "currency": "MWK",
    "total_amount": "1000000.00",
    "record_count": 1,
    "status": "APPROVED",
    "file_reference": "CRWB-27.01.2026",
    "debit_account": null,
    "created_by": 7,
    "created_at": "2026-01-27T12:45:07.878Z",
    "updated_at": "2026-01-29T11:38:40.089Z",
    "approved_by": 5,
    "approved_at": "2026-01-27T12:49:12.139Z",
    "rejection_reason": "",
    "generated_file": "0;printing;MWK;1000000.00;0001\r\n1;0001;MWK;13006161244;HQ_ADMIN;1000000.00;Anderson;03000101;;;;SBICMWM0;91000004;;;112222;description\r\n",
    "generated_at": "2026-01-27T12:49:44.835Z"
  }
},
{
  "model": "eft_app.eftbatch",
  "pk": 10,
  "fields": {
    "batch_name": "poly",
    "batch_reference": "CRWB-20260203-063827",
    "currency": "MWK",
    "total_amount": "0.00",
    "record_count": 0,
    "status": "DRAFT",
    "file_reference": "CRWB-03.02.2026",
    "debit_account": null,
    "created_by": 4,
    "created_at": "2026-02-03T06:38:27.427Z",
    "updated_at": "2026-02-03T06:38:27.427Z",
    "approved_by": null,
    "approved_at": null,
    "rejection_reason": "",
    "generated_file": "",
    "generated_at": null
  }
},
{
  "model": "eft_app.efttransaction",
  "pk": 1,
  "fields": {
    "batch": 3,
    "sequence_number": "0001",
    "debit_account": 1,
    "supplier": 1,
    "scheme": 3,
    "zone": 4,
    "amount": "100000.00",
    "narration": "sample",
    "reference_number": "12345",
    "employee_number": "",
    "national_id": "",
    "cost_center": "lilongwe",
    "source_reference": "pwe1",
    "created_at": "2026-01-19T08:48:25.939Z"
  }
},
{
  "model": "eft_app.efttransaction",
  "pk": 2,
  "fields": {
    "batch": 4,
    "sequence_number": "0001",
    "debit_account": 2,
    "supplier": 5,
    "scheme": 2,
    "zone": 3,
    "amount": "2000000.00",
    "narration": "salary",
    "reference_number": "12",
    "employee_number": "",
    "national_id": "",
    "cost_center": "lilongwe",
    "source_reference": "1",
    "created_at": "2026-01-19T08:55:47.251Z"
  }
},
{
  "model": "eft_app.efttransaction",
  "pk": 3,
  "fields": {
    "batch": 4,
    "sequence_number": "0002",
    "debit_account": 3,
    "supplier": 3,
    "scheme": 3,
    "zone": 4,
    "amount": "4000000.00",
    "narration": "transport",
    "reference_number": "4",
    "employee_number": "",
    "national_id": "",
    "cost_center": "salima",
    "source_reference": "",
    "created_at": "2026-01-19T08:56:33.619Z"
  }
},
{
  "model": "eft_app.efttransaction",
  "pk": 4,
  "fields": {
    "batch": 6,
    "sequence_number": "0001",
    "debit_account": 2,
    "supplier": 1,
    "scheme": 4,
    "zone": 5,
    "amount": "60000.00",
    "narration": "TEST",
    "reference_number": "12",
    "employee_number": "",
    "national_id": "",
    "cost_center": "DEDZA",
    "source_reference": "",
    "created_at": "2026-01-23T06:21:41.187Z"
  }
},
{
  "model": "eft_app.efttransaction",
  "pk": 5,
  "fields": {
    "batch": 7,
    "sequence_number": "0001",
    "debit_account": 3,
    "supplier": 3,
    "scheme": 1,
    "zone": 1,
    "amount": "10000000.00",
    "narration": "salaries",
    "reference_number": "12345",
    "employee_number": "",
    "national_id": "",
    "cost_center": "",
    "source_reference": "",
    "created_at": "2026-01-23T08:10:49.240Z"
  }
},
{
  "model": "eft_app.efttransaction",
  "pk": 6,
  "fields": {
    "batch": 7,
    "sequence_number": "0002",
    "debit_account": 1,
    "supplier": 1,
    "scheme": 2,
    "zone": 3,
    "amount": "1000.00",
    "narration": "",
    "reference_number": "",
    "employee_number": "",
    "national_id": "",
    "cost_center": "",
    "source_reference": "",
    "created_at": "2026-01-23T08:11:55.453Z"
  }
},
{
  "model": "eft_app.efttransaction",
  "pk": 7,
  "fields": {
    "batch": 8,
    "sequence_number": "0001",
    "debit_account": 5,
    "supplier": 1,
    "scheme": 3,
    "zone": 4,
    "amount": "1000.00",
    "narration": "Supplies",
    "reference_number": "2028",
    "employee_number": "",
    "national_id": "",
    "cost_center": "salima",
    "source_reference": "",
    "created_at": "2026-01-27T12:35:30.006Z"
  }
},
{
  "model": "eft_app.efttransaction",
  "pk": 8,
  "fields": {
    "batch": 9,
    "sequence_number": "0001",
    "debit_account": 1,
    "supplier": 2,
    "scheme": 1,
    "zone": 1,
    "amount": "1000000.00",
    "narration": "description",
    "reference_number": "112222",
    "employee_number": "",
    "national_id": "",
    "cost_center": "lilongwe",
    "source_reference": "",
    "created_at": "2026-01-27T12:47:01.311Z"
  }
},
{
  "model": "eft_app.approvalauditlog",
  "pk": 1,
  "fields": {
    "batch": 3,
    "action": "SUBMITTED",
    "user": 4,
    "timestamp": "2026-01-19T08:49:36.614Z",
    "remarks": "",
    "ip_address": "127.0.0.1"
  }
},
{
  "model": "eft_app.approvalauditlog",
  "pk": 2,
  "fields": {
    "batch": 3,
    "action": "APPROVED",
    "user": 5,
    "timestamp": "2026-01-19T08:50:31.268Z",
    "remarks": "ok",
    "ip_address": "127.0.0.1"
  }
},
{
  "model": "eft_app.approvalauditlog",
  "pk": 3,
  "fields": {
    "batch": 3,
    "action": "EXPORTED",
    "user": 5,
    "timestamp": "2026-01-19T08:50:43.737Z",
    "remarks": "Exported as CSV",
    "ip_address": "127.0.0.1"
  }
},
{
  "model": "eft_app.approvalauditlog",
  "pk": 4,
  "fields": {
    "batch": 3,
    "action": "EXPORTED",
    "user": 5,
    "timestamp": "2026-01-19T08:51:32.970Z",
    "remarks": "Exported as TXT",
    "ip_address": "127.0.0.1"
  }
},
{
  "model": "eft_app.approvalauditlog",
  "pk": 5,
  "fields": {
    "batch": 3,
    "action": "EXPORTED",
    "user": 4,
    "timestamp": "2026-01-19T08:52:08.876Z",
    "remarks": "Exported as TXT",
    "ip_address": "127.0.0.1"
  }
},
{
  "model": "eft_app.approvalauditlog",
  "pk": 6,
  "fields": {
    "batch": 4,
    "action": "SUBMITTED",
    "user": 4,
    "timestamp": "2026-01-19T08:56:42.922Z",
    "remarks": "",
    "ip_address": "127.0.0.1"
  }
},
{
  "model": "eft_app.approvalauditlog",
  "pk": 7,
  "fields": {
    "batch": 4,
    "action": "APPROVED",
    "user": 5,
    "timestamp": "2026-01-19T08:57:29.057Z",
    "remarks": "ok",
    "ip_address": "127.0.0.1"
  }
},
{
  "model": "eft_app.approvalauditlog",
  "pk": 8,
  "fields": {
    "batch": 4,
    "action": "EXPORTED",
    "user": 5,
    "timestamp": "2026-01-19T08:57:42.608Z",
    "remarks": "Exported as TXT",
    "ip_address": "127.0.0.1"
  }
},
{
  "model": "eft_app.approvalauditlog",
  "pk": 9,
  "fields": {
    "batch": 4,
    "action": "EXPORTED",
    "user": 5,
    "timestamp": "2026-01-19T08:57:46.212Z",
    "remarks": "Exported as CSV",
    "ip_address": "127.0.0.1"
  }
},
{
  "model": "eft_app.approvalauditlog",
  "pk": 10,
  "fields": {
    "batch": 4,
    "action": "EXPORTED",
    "user": 5,
    "timestamp": "2026-01-19T11:34:19.737Z",
    "remarks": "Exported as CSV",
    "ip_address": "127.0.0.1"
  }
},
{
  "model": "eft_app.approvalauditlog",
  "pk": 11,
  "fields": {
    "batch": 4,
    "action": "EXPORTED",
    "user": 5,
    "timestamp": "2026-01-19T11:35:20.009Z",
    "remarks": "Exported as TXT",
    "ip_address": "127.0.0.1"
  }
},
{
  "model": "eft_app.approvalauditlog",
  "pk": 12,
  "fields": {
    "batch": 6,
    "action": "SUBMITTED",
    "user": 4,
    "timestamp": "2026-01-23T06:22:30.877Z",
    "remarks": "",
    "ip_address": "127.0.0.1"
  }
},
{
  "model": "eft_app.approvalauditlog",
  "pk": 13,
  "fields": {
    "batch": 7,
    "action": "SUBMITTED",
    "user": 4,
    "timestamp": "2026-01-23T08:12:08.045Z",
    "remarks": "",
    "ip_address": "127.0.0.1"
  }
},
{
  "model": "eft_app.approvalauditlog",
  "pk": 14,
  "fields": {
    "batch": 7,
    "action": "REJECTED",
    "user": 5,
    "timestamp": "2026-01-27T09:30:54.485Z",
    "remarks": "Testing a Reject",
    "ip_address": "127.0.0.1"
  }
},
{
  "model": "eft_app.approvalauditlog",
  "pk": 15,
  "fields": {
    "batch": 8,
    "action": "SUBMITTED",
    "user": 4,
    "timestamp": "2026-01-27T12:35:39.520Z",
    "remarks": "",
    "ip_address": "127.0.0.1"
  }
},
{
  "model": "eft_app.approvalauditlog",
  "pk": 16,
  "fields": {
    "batch": 8,
    "action": "APPROVED",
    "user": 5,
    "timestamp": "2026-01-27T12:36:14.417Z",
    "remarks": "ok",
    "ip_address": "127.0.0.1"
  }
},
{
  "model": "eft_app.approvalauditlog",
  "pk": 17,
  "fields": {
    "batch": 3,
    "action": "EXPORTED",
    "user": 5,
    "timestamp": "2026-01-27T12:36:31.131Z",
    "remarks": "Exported as CSV",
    "ip_address": "127.0.0.1"
  }
},
{
  "model": "eft_app.approvalauditlog",
  "pk": 18,
  "fields": {
    "batch": 9,
    "action": "SUBMITTED",
    "user": 7,
    "timestamp": "2026-01-27T12:47:35.721Z",
    "remarks": "",
    "ip_address": "127.0.0.1"
  }
},
{
  "model": "eft_app.approvalauditlog",
  "pk": 19,
  "fields": {
    "batch": 9,
    "action": "APPROVED",
    "user": 5,
    "timestamp": "2026-01-27T12:49:12.142Z",
    "remarks": "seen",
    "ip_address": "127.0.0.1"
  }
},
{
  "model": "eft_app.approvalauditlog",
  "pk": 20,
  "fields": {
    "batch": 9,
    "action": "EXPORTED",
    "user": 5,
    "timestamp": "2026-01-27T12:49:44.839Z",
    "remarks": "Exported as TXT",
    "ip_address": "127.0.0.1"
  }
},
{
  "model": "eft_app.approvalauditlog",
  "pk": 21,
  "fields": {
    "batch": 6,
    "action": "REJECTED",
    "user": 5,
    "timestamp": "2026-01-29T06:43:55.367Z",
    "remarks": "NOT OKY",
    "ip_address": "127.0.0.1"
  }
},
{
  "model": "eft_app.approvalauditlog",
  "pk": 22,
  "fields": {
    "batch": 4,
    "action": "EXPORTED",
    "user": 4,
    "timestamp": "2026-01-29T13:58:33.098Z",
    "remarks": "Exported as TXT",
    "ip_address": "127.0.0.1"
  }
},
{
  "model": "eft_app.approvalauditlog",
  "pk": 23,
  "fields": {
    "batch": 3,
    "action": "EXPORTED",
    "user": 4,
    "timestamp": "2026-02-03T11:00:07.166Z",
    "remarks": "Exported as TXT",
    "ip_address": "192.168.0.181"
  }
}
]
